Workbook
Name \A: #REF!
Name \A: #REF!
Name \B: #REF!
Name \B: #REF!
Name \D: #REF!
Name \D: #REF!
Name \E: #REF!
Name \E: #REF!
Name \J: #REF!
Name \J: #REF!
Name \o: #REF!
Name \o: #REF!
Name \P: #REF!
Name \P: #REF!
Name \S: #REF!
Name \S: #REF!
Name \T: #REF!
Name \T: #REF!
Name _10: #REF!
Name _10: #REF!
Name _11P1: #REF!
Name _11P1: #REF!
Name _11P2: #REF!
Name _11P2: #REF!
Name _11P3: #REF!
Name _11P3: #REF!
Name _16P1: #REF!
Name _16P1: #REF!
Name _16P2: #REF!
Name _16P2: #REF!
Name _17P1: #REF!
Name _17P1: #REF!
Name _17P2: #REF!
Name _17P2: #REF!
Name _17P3: #REF!
Name _17P3: #REF!
Name _17P4: #REF!
Name _17P4: #REF!
Name _17P5: #REF!
Name _17P5: #REF!
Name _18P1: #REF!
Name _18P1: #REF!
Name _18P2: #REF!
Name _18P2: #REF!
Name _19: #REF!
Name _19: #REF!
Name _1P1: #REF!
Name _1P1: #REF!
Name _1P2: #REF!
Name _1P2: #REF!
Name _1P3: #REF!
Name _1P3: #REF!
Name _20: #REF!
Name _20: #REF!
Name _21: #REF!
Name _21: #REF!
Name _22: #REF!
Name _22: #REF!
Name _2P1: #REF!
Name _2P1: #REF!

Sheet Rate A All Hours
A1: Central Maine Power Company
A2: Residential Rate Design Proposal
A3: Residential - All Hours KWH
C5: Base Distribution Revenue Requirement | D5: 8/2021 One-Time Adjustments & RDM | E5: 8/2021 Stranded Revenue Requirement | F5: 8/2021 Transmission Revenue Requirement | M5: 2018 Rate Design Units | N5: 2021 Rate Design Units | P5: 12 Mo Rate A Units Docket No 2021-036 | Q5: Rate A Base Distribution Rates | R5: Rate A Base Distribution Revenues
L7: Customers | M7: =+'[2]Rate A KWH & KW Units'!$O$83 -> 6793088.4 | N7: =+'[3]P21 Rate Design Units'!$Q$9+'[3]P21 Rate Design Units'!$Q$15+'[3]P21 Rate Design Units'!$Q$102 -> 6897755.5 | P7: =+'[3]P21 Rate Design Units'!$Q$9 -> 6835374.5 | Q7: =+'[4]Comp Att 2 Dist Rates'!$E$12 -> 10.48 | R7: =+Q7*P7 -> 71634725
B8: Rate A | C8: =+'[4]Comp Att 2 Dist Rev Alloc'!$B$9 -> 1.9003257e+08 | D8: =+'[4]Comp Att 2 Dist Rev Alloc'!$J$9-'[4]Comp Att 2 Dist Rev Alloc'!$B$9 -> 8914912 | E8: =+'[4]Comp Att 3 SC Rev Alloc'!$Y$9 -> 2302507 | L8: KWH 50 or less | M8: =+'[2]Rate A KWH & KW Units'!$O$84 -> 326763109 | N8: =ROUND(N10*M8/M10,0) -> 335677498 | P8: =+'[3]P21 Rate Design Units'!$Q$10 -> 3.2285655e+08
L9: KWH exceeding 50 | M9: =+'[2]Rate A KWH & KW Units'!$O$85 -> 3354987121 | N9: =ROUND(N10*M9/M10,0) -> 3446514161 | P9: =+'[3]P21 Rate Design Units'!$Q$11 -> 3.3888955e+09 | Q9: =+'[4]Comp Att 2 Dist Rates'!$E$14 -> 0.034937 | R9: =+Q9*P9 -> 1.1839784e+08
B10: A-TOU | C10: =+'[4]Comp Att 2 Dist Rev Alloc'!$B$10 -> 3313720 | D10: =+'[4]Comp Att 2 Dist Rev Alloc'!$J$10-'[4]Comp Att 2 Dist Rev Alloc'!$B$10 -> 155455 | E10: =+'[4]Comp Att 3 SC Rev Alloc'!$Y$10 -> 45639 | L10: Total | M10: =+M9+M8 -> 3681750230 | N10: =+'[3]P21 Rate Design Units'!$Q$12+'[3]P21 Rate Design Units'!$Q$19+'[3]P21 Rate Design Units'!$Q$106 -> 3.7821917e+09 | P10: =+'[3]P21 Rate Design Units'!$Q$12 -> 3.711752e+09 | R10: =SUM(R7:R9) -> 1.9003257e+08
B11: Super Saver | C11: =+'[4]Comp Att 2 Dist Rev Alloc'!$B$28 -> 158805.92 | D11: =+'[4]Comp Att 2 Dist Rev Alloc'!$J$28-'[4]Comp Att 2 Dist Rev Alloc'!$B$28 -> 7450 | E11: =+'[4]Comp Att 3 SC Rates'!$U$220 -> 4546
B13: Total TOU | C13: =+C11+C10 -> 3472525.9 | D13: =+D11+D10 -> 162905 | E13: =+E11+E10 -> 50185
B15: Total | C15: =+C13+C8 -> 1.9350509e+08 | D15: =+D13+D8 -> 9077817 | E15: =+E13+E8 -> 2352692 | F15: =+'[4]Comp Att 4 T Rates'!$D$11 -> 1.7527578e+08
D18: Docket No. 2018-194 Table 4 M/C Testimony 4/25/2019 | F18: Marginal Cost Based Pricing Scenario | G18: Marginal Cost Based Pricing Scenario | H18: Marginal Cost Based Pricing Scenario | I18: Marginal Cost Based Pricing Scenario | J18: Marginal Cost Based Pricing Scenario | K18: Marginal Cost Based Pricing Scenario | L18: Rate A Distribution Per Docket No. 2021-036 12 Mo Units | M18: Rate A Distribution Per Docket No. 2021-036 12 Mo Units
B19: Residential All Hours | C19: Forecasted Units | D19: Marginal Cost Price | E19: Marginal Cost Revenue | F19: Base D Price | G19: Base D Revenue | H19: OTA & RDM D Price | I19: OTA & RDM D Revenue | J19: All D Price | K19: All D Revenue | L19: All D Price | M19: All D Revenue
B21: Customers | C21: =+P7 -> 6835374.5 | D21: =8.87+24.71 -> 33.58 | E21: =+D21*C21 -> 2.2953188e+08 | F21: =ROUND((C8*E21/E24)/C21,2) -> 27.35 | G21: =+F21*C21 -> 1.8694749e+08 | H21: =ROUND((D8*G21/G24)/C21,2) -> 1.28 | I21: =+H21*C21 -> 8749279.4 | J21: =+F21+H21 -> 28.63 | K21: =+J21*C21 -> 1.9569677e+08 | L21: =ROUND(((C8+D8)*R7/R10)/C21,2) -> 10.97 | M21: =L21*C21 -> 74984058
B22: KWH 50 or less | C22: =+P8 -> 3.2285655e+08
B23: KWH exceeding 50 | C23: =+P9 -> 3.3888955e+09 | D23: 0.001111 | E23: =+D23*C23 -> 3765062.9 | F23: =ROUND((C8-G21)/C23,6) -> 0.00091 | G23: =+F23*C23 -> 3083894.9 | H23: =ROUND((D8-I21)/C23,6) -> 4.9e-05 | I23: =+H23*C23 -> 166055.88 | J23: =+H23+F23 -> 0.000959 | K23: =+J23*C23 -> 3249950.8 | L23: =ROUND((C8+D8-M21)/C23,6) -> 0.036579 | M23: =+L23*C23 -> 1.2396241e+08
B24: Total | C24: =+P10 -> 3.711752e+09 | E24: =SUM(E21:E23) -> 2.3329694e+08 | G24: =SUM(G21:G23) -> 1.9003139e+08 | I24: =SUM(I21:I23) -> 8915335.2 | K24: =SUM(K21:K23) -> 1.9894672e+08 | M24: =SUM(M21:M23) -> 1.9894647e+08
G25: =+G24-C8 -> -1178.8818 | I25: =+I24-D8 -> 423.24475 | K25: =+K24-C8-D8 -> -755.63701 | M25: =+M24-C8-D8 -> -1012.1013
B27: Residential All Hours | C27: Forecasted Units | D27: Stranded Price | E27: Stranded Revenue | F27: ELP Price | G27: ELP Revenue | H27: EMT Price | I27: EMT Revenue | J27: Transmission Price | K27: Transmission Revenue
B29: Customers | C29: =+P7 -> 6835374.5 | D29: =ROUND(D31*C30/C29,2) -> 0.03 | E29: =+D29*C29 -> 205061.24 | F29: =ROUND(F31*C30/C29,2) -> 0.04 | G29: =+F29*C29 -> 273414.98 | H29: =ROUND(H31*C30/C29,2) -> 0.24 | I29: =+H29*C29 -> 1640489.9 | J29: =ROUND(J31*C30/C29,2) -> 2.19 | K29: =+J29*C29 -> 14969470
B30: KWH 50 or less | C30: =+P8 -> 3.2285655e+08
B31: KWH exceeding 50 | C31: =+P9 -> 3.3888955e+09 | D31: =ROUND(E8/C32,6) -> 0.00062 | E31: =+D31*C31 -> 2101115.2 | F31: =+'[4]Comp Att 1 pgs 1-6 Rate Summary'!$E$17 -> 0.000882 | G31: =+F31*C31 -> 2989005.8 | H31: =+'[4]Comp Att 6 pg 1 EMT Assess Rate'!$J$17 -> 0.005158 | I31: =+H31*C31 -> 17479923 | J31: =ROUND(F15/N10,6) -> 0.046342 | K31: =+J31*C31 -> 1.5704819e+08
B32: Total | C32: =+P10 -> 3.711752e+09 | E32: =SUM(E29:E31) -> 2306176.4 | G32: =SUM(G29:G31) -> 3262420.8 | I32: =SUM(I29:I31) -> 19120413 | K32: =SUM(K29:K31) -> 1.7201766e+08
E33: =+E32-E8 -> 3669.4378
C35: Forecasted Units | D35: Transmission Price | E35: Transmission Revenue
B37: Residential CP | C37: =+'[4]Comp Att 4 T Rev Alloc'!$C$16*12 -> 8790899.4 | D37: =ROUND(F15/C37,2) -> 19.94 | E37: =+D37*C37 -> 1.7529053e+08
E38: =+E37-F15 -> 14758.631

Sheet Res All Hours
A1: Central Maine Power Company
A2: Residential Rate Design Proposal
A3: Residential - All Hours KWH
C5: Base Distribution Revenue Requirement | D5: 8/2021 One-Time Adjustments & RDM | E5: 8/2021 Stranded Revenue Requirement | F5: 8/2021 Transmission Revenue Requirement | M5: 2018 Rate Design Units | N5: 2021 Rate Design Units | P5: 12 Mo Rate A Units Docket No 2021-036 | Q5: Rate A Base Distribution Rates | R5: Rate A Base Distribution Revenues
L7: Customers | M7: =+'[2]Rate A KWH & KW Units'!$O$83 -> 6793088.4 | N7: =+'[3]P21 Rate Design Units'!$Q$9+'[3]P21 Rate Design Units'!$Q$15+'[3]P21 Rate Design Units'!$Q$102 -> 6897755.5 | P7: =+'[3]P21 Rate Design Units'!$Q$9 -> 6835374.5 | Q7: =+'[4]Comp Att 2 Dist Rates'!$E$12 -> 10.48 | R7: =+Q7*P7 -> 71634725
B8: Rate A | C8: =+'[4]Comp Att 2 Dist Rev Alloc'!$B$9 -> 1.9003257e+08 | D8: =+'[4]Comp Att 2 Dist Rev Alloc'!$J$9-'[4]Comp Att 2 Dist Rev Alloc'!$B$9 -> 8914912 | E8: =+'[4]Comp Att 3 SC Rev Alloc'!$Y$9 -> 2302507 | L8: KWH 50 or less | M8: =+'[2]Rate A KWH & KW Units'!$O$84 -> 326763109 | N8: =ROUND(N10*M8/M10,0) -> 335677498 | P8: =+'[3]P21 Rate Design Units'!$Q$10 -> 3.2285655e+08
L9: KWH exceeding 50 | M9: =+'[2]Rate A KWH & KW Units'!$O$85 -> 3354987121 | N9: =ROUND(N10*M9/M10,0) -> 3446514161 | P9: =+'[3]P21 Rate Design Units'!$Q$11 -> 3.3888955e+09 | Q9: =+'[4]Comp Att 2 Dist Rates'!$E$14 -> 0.034937 | R9: =+Q9*P9 -> 1.1839784e+08
B10: A-TOU | C10: =+'[4]Comp Att 2 Dist Rev Alloc'!$B$10 -> 3313720 | D10: =+'[4]Comp Att 2 Dist Rev Alloc'!$J$10-'[4]Comp Att 2 Dist Rev Alloc'!$B$10 -> 155455 | E10: =+'[4]Comp Att 3 SC Rev Alloc'!$Y$10 -> 45639 | L10: Total | M10: =+M9+M8 -> 3681750230 | N10: =+'[3]P21 Rate Design Units'!$Q$12+'[3]P21 Rate Design Units'!$Q$19+'[3]P21 Rate Design Units'!$Q$106 -> 3.7821917e+09 | P10: =+'[3]P21 Rate Design Units'!$Q$12 -> 3.711752e+09 | R10: =SUM(R7:R9) -> 1.9003257e+08
B11: Super Saver | C11: =+'[4]Comp Att 2 Dist Rev Alloc'!$B$28 -> 158805.92 | D11: =+'[4]Comp Att 2 Dist Rev Alloc'!$J$28-'[4]Comp Att 2 Dist Rev Alloc'!$B$28 -> 7450 | E11: =+'[4]Comp Att 3 SC Rates'!$U$220 -> 4546
B13: Total TOU | C13: =+C11+C10 -> 3472525.9 | D13: =+D11+D10 -> 162905 | E13: =+E11+E10 -> 50185
B15: Total | C15: =+C13+C8 -> 1.9350509e+08 | D15: =+D13+D8 -> 9077817 | E15: =+E13+E8 -> 2352692 | F15: =+'[4]Comp Att 4 T Rates'!$D$11 -> 1.7527578e+08
D18: Docket No. 2018-194 Table 4 M/C Testimony 4/25/2019 | F18: Marginal Cost Based Pricing Scenario | G18: Marginal Cost Based Pricing Scenario | H18: Marginal Cost Based Pricing Scenario | I18: Marginal Cost Based Pricing Scenario | J18: Marginal Cost Based Pricing Scenario | K18: Marginal Cost Based Pricing Scenario | L18: Residential Distribution Per Docket No. 2021-036 | M18: Residential Distribution Per Docket No. 2021-036
B19: Residential All Hours | C19: Forecasted Units | D19: Marginal Cost Price | E19: Marginal Cost Revenue | F19: Base D Price | G19: Base D Revenue | H19: OTA & RDM D Price | I19: OTA & RDM D Revenue | J19: All D Price | K19: All D Revenue | L19: All D Price | M19: All D Revenue
B21: Customers | C21: =+N7 -> 6897755.5 | D21: =8.87+24.71 -> 33.58 | E21: =+D21*C21 -> 2.3162663e+08 | F21: =ROUND((C15*E21/E24)/C21,2) -> 27.6 | G21: =+F21*C21 -> 1.9037805e+08 | H21: =ROUND((D15*G21/G24)/C21,2) -> 1.29 | I21: =+H21*C21 -> 8898104.6 | J21: =+F21+H21 -> 28.89 | K21: =+J21*C21 -> 1.9927616e+08 | L21: =ROUND(((C15+D15)*R7/R10)/C21,2) -> 11.07 | M21: =L21*C21 -> 76358154
B22: KWH 50 or less | C22: =+N8 -> 335677498
B23: KWH exceeding 50 | C23: =+N9 -> 3446514161 | D23: 0.001111 | E23: =+D23*C23 -> 3829077.2 | F23: =ROUND((C15-G21)/C23,6) -> 0.000907 | G23: =+F23*C23 -> 3125988.3 | H23: =ROUND((D15-I21)/C23,6) -> 5.2e-05 | I23: =+H23*C23 -> 179218.74 | J23: =+H23+F23 -> 0.000959 | K23: =+J23*C23 -> 3305207.1 | L23: =ROUND((C15+D15-M21)/C23,6) -> 0.036624 | M23: =+L23*C23 -> 1.2622513e+08
B24: Total | C24: =+N10 -> 3.7821917e+09 | E24: =SUM(E21:E23) -> 2.3545571e+08 | G24: =SUM(G21:G23) -> 1.9350404e+08 | I24: =SUM(I21:I23) -> 9077323.3 | K24: =SUM(K21:K23) -> 2.0258136e+08 | M24: =SUM(M21:M23) -> 2.0258329e+08
G25: =+G24-C15 -> -1051.8503 | I25: =+I24-D15 -> -493.65022 | K25: =+K24-C15-D15 -> -1545.5005 | M25: =+M24-C15-D15 -> 378.78725
B27: Residential All Hours | C27: Forecasted Units | D27: Stranded Price | E27: Stranded Revenue | F27: ELP Price | G27: ELP Revenue | H27: EMT Price | I27: EMT Revenue | J27: Transmission Price | K27: Transmission Revenue
B29: Customers | C29: =+N7 -> 6897755.5 | D29: =ROUND(D31*C30/C29,2) -> 0.03 | E29: =+D29*C29 -> 206932.67 | F29: =ROUND(F31*C30/C29,2) -> 0.04 | G29: =+F29*C29 -> 275910.22 | H29: =ROUND(H31*C30/C29,2) -> 0.25 | I29: =+H29*C29 -> 1724438.9 | J29: =ROUND(J31*C30/C29,2) -> 2.26 | K29: =+J29*C29 -> 15588927
B30: KWH 50 or less | C30: =+N8 -> 335677498
B31: KWH exceeding 50 | C31: =+N9 -> 3446514161 | D31: =ROUND(E15/C32,6) -> 0.000622 | E31: =+D31*C31 -> 2143731.8 | F31: =+'[4]Comp Att 1 pgs 1-6 Rate Summary'!$E$17 -> 0.000882 | G31: =+F31*C31 -> 3039825.5 | H31: =+'[4]Comp Att 6 pg 1 EMT Assess Rate'!$J$17 -> 0.005158 | I31: =+H31*C31 -> 17777120 | J31: =ROUND(F15/C32,6) -> 0.046342 | K31: =+J31*C31 -> 1.5971836e+08
B32: Total | C32: =+N10 -> 3.7821917e+09 | E32: =SUM(E29:E31) -> 2350664.5 | G32: =SUM(G29:G31) -> 3315735.7 | I32: =SUM(I29:I31) -> 19501559 | K32: =SUM(K29:K31) -> 1.7530729e+08
E33: =+E32-E15 -> -2027.5264 | K33: =+K32-F15 -> 31511.541
C35: Forecasted Units | D35: Transmission Price | E35: Transmission Revenue
B37: Residential CP | C37: =+'[4]Comp Att 4 T Rev Alloc'!$C$16*12 -> 8790899.4 | D37: =ROUND(F15/C37,2) -> 19.94 | E37: =+D37*C37 -> 1.7529053e+08
E38: =+E37-F15 -> 14758.631

Sheet RES Bill Impacts T KWH
A1: Central Maine Power Company
A2: Illustrative Monthly Bill Impacts for All Hours Residential Customers Using All Residential Units
A3: Comparing 8/1/2021 Rates for All Residential Classes Designed with 12 Months of Usage with Proposed Rates
A6: 8/2021 T&D Rate Components | F6: 44409 | G6: 44409 | H6: 44409 | J6: 44409 | K6: 44409 | L6: 44409 | M6: 1/2022 Standard
A7: Rate A designed using | F7: Distribution | G7: ELP | H7: EMT | J7: SC | K7: Transmission | L7: Total | M7: Offer Rate
A8: 12 Mo. Of Rate A Units
C9: Service Charge | F9: =+'Rate A All Hours'!L21 -> 10.97 | G9: =+'Rate A All Hours'!F29 -> 0.04 | H9: =+'Rate A All Hours'!H29 -> 0.24 | J9: =+'Rate A All Hours'!D29 -> 0.03 | K9: =+'Rate A All Hours'!J29 -> 2.19 | L9: =SUM(F9:K9) -> 13.47
L10: =SUM(F10:K10) -> 0
L11: =SUM(F11:K11) -> 0
L12: =SUM(F12:K12) -> 0
C13: kWh | F13: =+'Rate A All Hours'!L23 -> 0.036579 | G13: =+'Rate A All Hours'!F31 -> 0.000882 | H13: =+'Rate A All Hours'!H31 -> 0.005158 | J13: =+'Rate A All Hours'!D31 -> 0.00062 | K13: =+'Rate A All Hours'!J31 -> 0.046342 | L13: =SUM(F13:K13) -> 0.089581 | M13: 0.118161
A17: Proposed T&D Rate Components | F17: Proposed | G17: Proposed | H17: Proposed | J17: Proposed | K17: Proposed | L17: Proposed
F18: Distribution | G18: ELP | H18: EMT | J18: SC | K18: Transmission | L18: Total
C20: Service Charge | F20: =+'Res All Hours'!J21 -> 28.89 | L20: =SUM(F20:K20) -> 28.89
L21: =SUM(F21:K21) -> 0
K22: =ROUND(K11*1.08,2) -> 0 | L22: =SUM(F22:K22) -> 0
K23: =+K22 -> 0 | L23: =SUM(F23:K23) -> 0
C24: kWh | F24: =+'Res All Hours'!J23 -> 0.000959 | G24: =+'Res All Hours'!F31 -> 0.000882 | H24: =+'Res All Hours'!H31 -> 0.005158 | J24: =+'Res All Hours'!D31 -> 0.000622 | K24: =+'Res All Hours'!J31 -> 0.046342 | L24: =SUM(F24:K24) -> 0.053963
L25: =SUM(F25:K25) -> 0
C28: Effect of Rate Change on Bills:
E30: Distribution | F30: Distribution | G30: Revenue | H30: Percentage | J30: T&D Only Bill | K30: T&D Only Bill | L30: Revenue | M30: Percentage | O30: Bundled Bill | P30: Bundled Bill | Q30: Revenue | R30: Percentage | T30: Average No. | U30: Percent of | V30: Cumulative
B31: KW | C31: KWH | E31: 44409 | F31: Proposed | G31: Change | H31: Change | J31: 44409 | K31: Proposed | L31: Change | M31: Change | O31: 44409 | P31: Proposed | Q31: Change | R31: Change | T31: Customer Count | U31: Total | V31: % of Total
C33: 5000 | E33: =+$F$9+$F$13*(C33-50) -> 192.03605 | F33: =+$F$20+$F$24*C33 -> 33.685 | G33: =+F33-E33 -> -158.35105 | H33: =+(F33-E33)/E33 -> -0.82459023 | J33: =+$L$9+$L$12*B33+$L$13*(C33-50) -> 456.89595 | K33: =+$L$20+$L$22*B33+$L$24*C33 -> 298.705 | L33: =+K33-J33 -> -158.19095 | M33: =+(K33-J33)/J33 -> -0.34622971 | O33: =+$L$9+$L$12*B33+$L$13*(C33-50)+$M$13*C33 -> 1047.701 | P33: =+$L$20+$L$22*B33+$L$24*C33+$M$13*C33 -> 889.51 | Q33: =+P33-O33 -> -158.19095 | R33: =+(P33-O33)/O33 -> -0.15098865 | T33: 803 | U33: =T33/SUM($T$33:$T$59) -> 0.0014717216 | V33: =+V34+U33 -> 1
C34: 4500 | E34: =+$F$9+$F$13*(C34-50) -> 173.74655 | F34: =+$F$20+$F$24*C34 -> 33.2055 | G34: =+F34-E34 -> -140.54105 | H34: =+(F34-E34)/E34 -> -0.80888541 | J34: =+$L$9+$L$12*B34+$L$13*(C34-50) -> 412.10545 | K34: =+$L$20+$L$22*B34+$L$24*C34 -> 271.7235 | L34: =+K34-J34 -> -140.38195 | M34: =+(K34-J34)/J34 -> -0.3406457 | O34: =+$L$9+$L$12*B34+$L$13*(C34-50)+$M$13*C34 -> 943.82995 | P34: =+$L$20+$L$22*B34+$L$24*C34+$M$13*C34 -> 803.448 | Q34: =+P34-O34 -> -140.38195 | R34: =+(P34-O34)/O34 -> -0.14873649 | T34: 226.5 | U34: =T34/SUM($T$33:$T$59) -> 0.00041512446 | V34: =+V35+U34 -> 0.99852828
C35: 4000 | E35: =+$F$9+$F$13*(C35-50) -> 155.45705 | F35: =+$F$20+$F$24*C35 -> 32.726 | G35: =+F35-E35 -> -122.73105 | H35: =+(F35-E35)/E35 -> -0.78948526 | J35: =+$L$9+$L$12*B35+$L$13*(C35-50) -> 367.31495 | K35: =+$L$20+$L$22*B35+$L$24*C35 -> 244.742 | L35: =+K35-J35 -> -122.57295 | M35: =+(K35-J35)/J35 -> -0.33369987 | O35: =+$L$9+$L$12*B35+$L$13*(C35-50)+$M$13*C35 -> 839.95895 | P35: =+$L$20+$L$22*B35+$L$24*C35+$M$13*C35 -> 717.386 | Q35: =+P35-O35 -> -122.57295 | R35: =+(P35-O35)/O35 -> -0.14592731 | T35: 327 | U35: =T35/SUM($T$33:$T$59) -> 0.00059931876 | V35: =+V36+U35 -> 0.99811315
C36: 3800 | E36: =+$F$9+$F$13*(C36-50) -> 148.14125 | F36: =+$F$20+$F$24*C36 -> 32.5342 | G36: =+F36-E36 -> -115.60705 | H36: =+(F36-E36)/E36 -> -0.78038392 | J36: =+$L$9+$L$12*B36+$L$13*(C36-50) -> 349.39875 | K36: =+$L$20+$L$22*B36+$L$24*C36 -> 233.9494 | L36: =+K36-J36 -> -115.44935 | M36: =+(K36-J36)/J36 -> -0.33042291 | O36: =+$L$9+$L$12*B36+$L$13*(C36-50)+$M$13*C36 -> 798.41055 | P36: =+$L$20+$L$22*B36+$L$24*C36+$M$13*C36 -> 682.9612 | Q36: =+P36-O36 -> -115.44935 | R36: =+(P36-O36)/O36 -> -0.14459898 | T36: 191.5 | U36: =T36/SUM($T$33:$T$59) -> 0.00035097719 | V36: =+V37+U36 -> 0.99751384
C37: 3600 | E37: =+$F$9+$F$13*(C37-50) -> 140.82545 | F37: =+$F$20+$F$24*C37 -> 32.3424 | G37: =+F37-E37 -> -108.48305 | H37: =+(F37-E37)/E37 -> -0.77033697 | J37: =+$L$9+$L$12*B37+$L$13*(C37-50) -> 331.48255 | K37: =+$L$20+$L$22*B37+$L$24*C37 -> 223.1568 | L37: =+K37-J37 -> -108.32575 | M37: =+(K37-J37)/J37 -> -0.32679171 | O37: =+$L$9+$L$12*B37+$L$13*(C37-50)+$M$13*C37 -> 756.86215 | P37: =+$L$20+$L$22*B37+$L$24*C37+$M$13*C37 -> 648.5364 | Q37: =+P37-O37 -> -108.32575 | R37: =+(P37-O37)/O37 -> -0.14312481 | T37: 233.5 | U37: =T37/SUM($T$33:$T$59) -> 0.00042795391 | V37: =+V38+U37 -> 0.99716286
C38: 3400 | E38: =+$F$9+$F$13*(C38-50) -> 133.50965 | F38: =+$F$20+$F$24*C38 -> 32.1506 | G38: =+F38-E38 -> -101.35905 | H38: =+(F38-E38)/E38 -> -0.75918894 | J38: =+$L$9+$L$12*B38+$L$13*(C38-50) -> 313.56635 | K38: =+$L$20+$L$22*B38+$L$24*C38 -> 212.3642 | L38: =+K38-J38 -> -101.20215 | M38: =+(K38-J38)/J38 -> -0.32274557 | O38: =+$L$9+$L$12*B38+$L$13*(C38-50)+$M$13*C38 -> 715.31375 | P38: =+$L$20+$L$22*B38+$L$24*C38+$M$13*C38 -> 614.1116 | Q38: =+P38-O38 -> -101.20215 | R38: =+(P38-O38)/O38 -> -0.14147939 | T38: 262 | U38: =T38/SUM($T$33:$T$59) -> 0.00048018812 | V38: =+V39+U38 -> 0.9967349
C39: 3200 | E39: =+$F$9+$F$13*(C39-50) -> 126.19385 | F39: =+$F$20+$F$24*C39 -> 31.9588 | G39: =+F39-E39 -> -94.23505 | H39: =+(F39-E39)/E39 -> -0.74674836 | J39: =+$L$9+$L$12*B39+$L$13*(C39-50) -> 295.65015 | K39: =+$L$20+$L$22*B39+$L$24*C39 -> 201.5716 | L39: =+K39-J39 -> -94.07855 | M39: =+(K39-J39)/J39 -> -0.31820904 | O39: =+$L$9+$L$12*B39+$L$13*(C39-50)+$M$13*C39 -> 673.76535 | P39: =+$L$20+$L$22*B39+$L$24*C39+$M$13*C39 -> 579.6868 | Q39: =+P39-O39 -> -94.07855 | R39: =+(P39-O39)/O39 -> -0.13963103 | T39: 329.5 | U39: =T39/SUM($T$33:$T$59) -> 0.0006039007 | V39: =+V40+U39 -> 0.99625472
C40: 3000 | E40: =+$F$9+$F$13*(C40-50) -> 118.87805 | F40: =+$F$20+$F$24*C40 -> 31.767 | G40: =+F40-E40 -> -87.11105 | H40: =+(F40-E40)/E40 -> -0.73277657 | J40: =+$L$9+$L$12*B40+$L$13*(C40-50) -> 277.73395 | K40: =+$L$20+$L$22*B40+$L$24*C40 -> 190.779 | L40: =+K40-J40 -> -86.95495 | M40: =+(K40-J40)/J40 -> -0.31308722 | O40: =+$L$9+$L$12*B40+$L$13*(C40-50)+$M$13*C40 -> 632.21695 | P40: =+$L$20+$L$22*B40+$L$24*C40+$M$13*C40 -> 545.262 | Q40: =+P40-O40 -> -86.95495 | R40: =+(P40-O40)/O40 -> -0.13753973 | T40: 456 | U40: =T40/SUM($T$33:$T$59) -> 0.00083574726 | V40: =+V41+U40 -> 0.99565082
C41: 2800 | E41: =+$F$9+$F$13*(C41-50) -> 111.56225 | F41: =+$F$20+$F$24*C41 -> 31.5752 | G41: =+F41-E41 -> -79.98705 | H41: =+(F41-E41)/E41 -> -0.71697236 | J41: =+$L$9+$L$12*B41+$L$13*(C41-50) -> 259.81775 | K41: =+$L$20+$L$22*B41+$L$24*C41 -> 179.9864 | L41: =+K41-J41 -> -79.83135 | M41: =+(K41-J41)/J41 -> -0.30725903 | O41: =+$L$9+$L$12*B41+$L$13*(C41-50)+$M$13*C41 -> 590.66855 | P41: =+$L$20+$L$22*B41+$L$24*C41+$M$13*C41 -> 510.8372 | Q41: =+P41-O41 -> -79.83135 | R41: =+(P41-O41)/O41 -> -0.13515422 | T41: 609 | U41: =T41/SUM($T$33:$T$59) -> 0.0011161625 | V41: =+V42+U41 -> 0.99481507
C42: 2600 | E42: =+$F$9+$F$13*(C42-50) -> 104.24645 | F42: =+$F$20+$F$24*C42 -> 31.3834 | G42: =+F42-E42 -> -72.86305 | H42: =+(F42-E42)/E42 -> -0.69894994 | J42: =+$L$9+$L$12*B42+$L$13*(C42-50) -> 241.90155 | K42: =+$L$20+$L$22*B42+$L$24*C42 -> 169.1938 | L42: =+K42-J42 -> -72.70775 | M42: =+(K42-J42)/J42 -> -0.30056752 | O42: =+$L$9+$L$12*B42+$L$13*(C42-50)+$M$13*C42 -> 549.12015 | P42: =+$L$20+$L$22*B42+$L$24*C42+$M$13*C42 -> 476.4124 | Q42: =+P42-O42 -> -72.70775 | R42: =+(P42-O42)/O42 -> -0.13240773 | T42: 817 | U42: =T42/SUM($T$33:$T$59) -> 0.0014973805 | V42: =+V43+U42 -> 0.99369891
C43: 2400 | E43: =+$F$9+$F$13*(C43-50) -> 96.93065 | F43: =+$F$20+$F$24*C43 -> 31.1916 | G43: =+F43-E43 -> -65.73905 | H43: =+(F43-E43)/E43 -> -0.67820705 | J43: =+$L$9+$L$12*B43+$L$13*(C43-50) -> 223.98535 | K43: =+$L$20+$L$22*B43+$L$24*C43 -> 158.4012 | L43: =+K43-J43 -> -65.58415 | M43: =+(K43-J43)/J43 -> -0.29280553 | O43: =+$L$9+$L$12*B43+$L$13*(C43-50)+$M$13*C43 -> 507.57175 | P43: =+$L$20+$L$22*B43+$L$24*C43+$M$13*C43 -> 441.9876 | Q43: =+P43-O43 -> -65.58415 | R43: =+(P43-O43)/O43 -> -0.12921158 | T43: 1123 | U43: =T43/SUM($T$33:$T$59) -> 0.0020582109 | V43: =+V44+U43 -> 0.99220153
C44: 2200 | E44: =+$F$9+$F$13*(C44-50) -> 89.61485 | F44: =+$F$20+$F$24*C44 -> 30.9998 | G44: =+F44-E44 -> -58.61505 | H44: =+(F44-E44)/E44 -> -0.65407742 | J44: =+$L$9+$L$12*B44+$L$13*(C44-50) -> 206.06915 | K44: =+$L$20+$L$22*B44+$L$24*C44 -> 147.6086 | L44: =+K44-J44 -> -58.46055 | M44: =+(K44-J44)/J44 -> -0.28369385 | O44: =+$L$9+$L$12*B44+$L$13*(C44-50)+$M$13*C44 -> 466.02335 | P44: =+$L$20+$L$22*B44+$L$24*C44+$M$13*C44 -> 407.5628 | Q44: =+P44-O44 -> -58.46055 | R44: =+(P44-O44)/O44 -> -0.12544554 | T44: 1564 | U44: =T44/SUM($T$33:$T$59) -> 0.0028664665 | V44: =+V45+U44 -> 0.99014331
... C57: 100 | E57: =+$F$9+$F$13*(C57-50) -> 12.79895 | F57: =+$F$20+$F$24*C57 -> 28.9859 | G57: =+F57-E57 -> 16.18695 | H57: =+(F57-E57)/E57 -> 1.2647092 | J57: =+$L$9+$L$12*B57+$L$13*(C57-50) -> 17.94905 | K57: =+$L$20+$L$22*B57+$L$24*C57 -> 34.2863 | L57: =+K57-J57 -> 16.33725 | M57: =+(K57-J57)/J57 -> 0.91020138 | O57: =+$L$9+$L$12*B57+$L$13*(C57-50)+$M$13*C57 -> 29.76515 | P57: =+$L$20+$L$22*B57+$L$24*C57+$M$13*C57 -> 46.1024 | Q57: =+P57-O57 -> 16.33725 | R57: =+(P57-O57)/O57 -> 0.54887175 | T57: 24521 | U57: =T57/SUM($T$33:$T$59) -> 0.044941576 | V57: =+V58+U57 -> 0.18386898
C58: 50 | E58: =+$F$9+$F$13*(C58-50) -> 10.97 | F58: =+$F$20+$F$24*C58 -> 28.93795 | G58: =+F58-E58 -> 17.96795 | H58: =+(F58-E58)/E58 -> 1.637917 | J58: =+$L$9+$L$12*B58+$L$13*(C58-50) -> 13.47 | K58: =+$L$20+$L$22*B58+$L$24*C58 -> 31.58815 | L58: =+K58-J58 -> 18.11815 | M58: =+(K58-J58)/J58 -> 1.3450742 | O58: =+$L$9+$L$12*B58+$L$13*(C58-50)+$M$13*C58 -> 19.37805 | P58: =+$L$20+$L$22*B58+$L$24*C58+$M$13*C58 -> 37.4962 | Q58: =+P58-O58 -> 18.11815 | R58: =+(P58-O58)/O58 -> 0.93498314 | T58: 21794.5 | U58: =T58/SUM($T$33:$T$59) -> 0.039944503 | V58: =+U59+U58 -> 0.1389274
C59: 0 | E59: =+$F$9 -> 10.97 | F59: =+$F$20+$F$24*C59 -> 28.89 | G59: =+F59-E59 -> 17.92 | H59: =+(F59-E59)/E59 -> 1.633546 | J59: =+$L$9 -> 13.47 | K59: =+$L$20+$L$22*B59+$L$24*C59 -> 28.89 | L59: =+K59-J59 -> 15.42 | M59: =+(K59-J59)/J59 -> 1.1447661 | O59: =+$L$9 -> 13.47 | P59: =+$L$20+$L$22*B59+$L$24*C59+$M$13*C59 -> 28.89 | Q59: =+P59-O59 -> 15.42 | R59: =+(P59-O59)/O59 -> 1.1447661 | T59: 54007 | U59: =T59/SUM($T$33:$T$59) -> 0.098982899 | V59: =+U59 -> 0.098982899
T61: =SUM(T33:T59) -> 545619.5
C63: 560 | E63: =+$F$9+$F$13*(C63-50) -> 29.62529 | F63: =+$F$20+$F$24*C63 -> 29.42704 | G63: =+F63-E63 -> -0.19825 | H63: =+(F63-E63)/E63 -> -0.0066919176 | J63: =+$L$9+$L$12*B63+$L$13*(C63-50) -> 59.15631 | K63: =+$L$20+$L$22*B63+$L$24*C63 -> 59.10928 | L63: =+K63-J63 -> -0.04703 | M63: =+(K63-J63)/J63 -> -0.0007950124 | O63: =+$L$9+$L$12*B63+$L$13*(C63-50)+$M$13*C63 -> 125.32647 | P63: =+$L$20+$L$22*B63+$L$24*C63+$M$13*C63 -> 125.27944 | Q63: =+P63-O63 -> -0.04703 | R63: =+(P63-O63)/O63 -> -0.00037525991
