Workbook
Name Alloc00: [1]Allocators!$B$37
Name ch1CPNCP: '[1]Demand-1'!$D$2
Name Classes1: [1]Allocators!$D$4
Name colOffset: [1]Allocators!$O$2
Name optAdders: #REF!
Name PageOff: '[2]6P1_Index'!$J$5
Name rCapEx: '[2]Inputs SL'!$B$2
Name rDate: [2]Global!$C$16
Name rDocket: [2]Global!$C$7
Name Ref_Xfmr_Cost: [1]Xfmr_Cost!$B$3:$D$36
Name rExh: [1]Index!$H$3
Name rExh4: [2]Global!$C$9
Name rExh5: [2]Global!$C$10
Name rExh6: [2]Global!$C$11
Name rExhRRP5: [2]Global!$C$14
Name rge1CPList: '[1]Demand-1'!$F$4:$J$4
Name rgeClasses1: [1]Allocators!$G$4:$M$4
Name rgeClasses2: [1]Allocators!$G$5:$M$5
Name rgeNCPList: '[1]Demand-1'!$F$14:$J$14
Name rHO_Name: [2]Global!$C$18
Name rMECO: [2]Global!$C$20
Name rNECO: [2]Global!$C$21
Name rPages: [1]Index!$H$6:$I$26
Name rSL_Inc: '[2]Inputs SL'!$B$10
Name rSL_Inc1: '[2]Inputs SL'!$B$15
Name rSmart: '[2]Inputs SL'!$B$4
Name rSolar: '[2]Inputs SL'!$B$3
Name rTitle1: [2]Global!$C$4
Name rTitle2: [2]Global!$C$5
Name rTitle3: [2]Global!$C$6
Name rTitleGrid: [2]Global!$C$23
Name rTotRates: '[2]6P1_Index'!$H$2
Name rVer: [1]Index!$H$4
Name tblNCP_C: [1]Xfmr_Detail!$C$126:$E$131
Name tblPages: '[2]6P1_Index'!$B$14:$F$57

Sheet Bill Impacts Calculation R1
A3: Inputs
A4: Average Residential Usage (kWh) | B4: 600
A6: Proposed R1 Customer Charge ($/month) | B6: 11
A7: Proposed R1 Base Distribution Charge ($/kWh) | B7: 0.06647
A8: Proposed R1 Base Distribution Charge ($/month) - Electrification Pricing | B8: 38.15
A9: Proposed R1 All Other kWh Charges on Delivery Bill ($/kWh)1 | B9: 0.10094
A10: Proposed R1 Basic Service Supply Charge ($/kWh)2 | B10: 0.18213
A11: Proposed R1 Total Volumetric Charges ($/kWh) | B11: 0.34954
A13: Proposed RDM Distribution Revenue Allocator - R1/R23 | B13: 0.606
A15: R1/R2 Customer Accounts as of 9/1/2023 | B15: =SUM('Bill Frequency Data R1'!$E$2:$E$49) -> 1089873
A16: R1/R2 Customer Accounts w/>=600 kWh/month | B16: =SUMIF('Bill Frequency Data R1'!$D$2:$D$49,"higher",'Bill Frequency Data R1'!$E$2:$E$49) -> 405546
A17: R1/R2 Customer Accounts w/>=600 kWh/month - Weighted Average Usage (kWh/month) | B17: =SUMIF('Bill Frequency Data R1'!$D$2:$D$49,"Higher",'Bill Frequency Data R1'!$J$2:$J$49) -> 1198.1692
A19: Electrification Pricing Savings Calculation - Residential Accounts >=600 kWh/month
B20: kWh/month
A21: EP Savings - R1/R2 Weighted Average Usage All Accounts >=600 kWh | B21: =B$17 -> 1198.1692
A22: R1 Default Total Bill ($/month) | B22: =($B21*B$11)+B$6 -> 429.80806
A23: EP Total Bill ($/month) | B23: =($B21*B$9)+($B21*B$10)+B$6+B$8 -> 388.31575
A24: EP Savings ($/month) | B24: =B22-B23 -> 41.492306
A25: EP Savings ($/year) | B25: =B24*12 -> 497.90768
A26: EP Savings (% of Total Bill) | B26: =B24/B22 -> 0.096536827
A28: Electrification Pricing RDM Impact Calculation
A29: Opt-In Rate - % of R1/R2 Customer Accounts >=600 kWh | B29: 1 | C29: 0.3 | D29: 0.15
A30: Opt-In Rate - % of All R1/R2 Customer Accounts | B30: =B$31/$B$15 -> 0.37210391 | C30: =C$31/$B$15 -> 0.11163117 | D30: =D$31/$B$15 -> 0.055815586
A31: Opt-In Accounts | B31: =$B$16*B$29 -> 405546 | C31: =$B$16*C$29 -> 121663.8 | D31: =$B$16*D$29 -> 60831.9
A32: Revenue Shift - All Customers ($/month) | B32: =B$31*$B$24 -> 16827039 | C32: =C$31*$B$24 -> 5048111.7 | D32: =D$31*$B$24 -> 2524055.8
A33: Revenue Shift - All R1/R2 Customers ($/month) | B33: =B$32*$B$13 -> 10197186 | C33: =C$32*$B$13 -> 3059155.7 | D33: =D$32*$B$13 -> 1529577.8
A34: Revenue Shift - R1/R2 Average Customer ($/month) | B34: =B$33/$B$15 -> 9.3563063 | C34: =C$33/$B$15 -> 2.8068919 | D34: =D$33/$B$15 -> 1.4034459
A35: Revenue Shift - R1/R2 Average Customer ($/year) | B35: =B$34*12 -> 112.27568 | C35: =C$34*12 -> 33.682703 | D35: =D$34*12 -> 16.841351
A36: Average Residential Customer Total Bill ($/year) | B36: =($B$6+($B$4*$B$11))*12 -> 2648.688 | C36: =($B$6+($B$4*$B$11))*12 -> 2648.688 | D36: =($B$6+($B$4*$B$11))*12 -> 2648.688
A37: Average Residential Customer Percent Annual Bill Impact | B37: =B35/B36 -> 0.042389166 | C37: =C35/C36 -> 0.01271675 | D37: =D35/D36 -> 0.0063583749
A39: 1All other kWh charges on delivery bill includes transmission charge, non-base distribution charges billed in distribution line item on the bill, transition charge, energy efficiency charge, renewables charge, distributed solar charge, electric vehicle program charge, effective on November 1, 2023.
A40: 2Rate R-1/R-2 Basic Service Supply Charge effective 11/1/2023-7/31/2024, https://www.nationalgridus.com/media/pdfs/billing-payments/electric-rates/ma/resitable.pdf .
A41: 3See Massachusetts Electric Company Nantucket Electric Company each d.b.a. National Grid, D.P.U. 23-150, Exhibits NG-PP-13, and NG-PP-14, filed November 16, 2023.

Sheet Bill Frequency Data R1
A1: USAGE_GROUP (kWh) | B1: Range Min | C1: Range Max | D1: </> Average Usage | E1: NUM_ACCTS | F1: PERCENT OF TOTAL | G1: Cumulative Percent | H1: Average Usage By Group (kWh) | I1: Percent of High Usage | J1: Weighted Consumption by Frequency in High Consumption Group
A2: >= 0 and <50 | B2: 0 | C2: 49 | D2: =IF(B2<$B$14, "Lower","Higher") -> Lower | E2: 27724 | F2: =E2/$E$50 -> 0.025437826 | G2: =F2 -> 0.025437826 | H2: 25 | I2: N/A | J2: N/A
A3: >= 50 and <100 | B3: =C2+1 -> 50 | C3: =B3+49 -> 99 | D3: =IF(B3<$B$14, "Lower","Higher") -> Lower | E3: 27794 | F3: =E3/$E$50 -> 0.025502054 | G3: =G2+F3 -> 0.05093988 | H3: 75 | I3: N/A | J3: N/A
A4: >=100 and <150 | B4: =C3+1 -> 100 | C4: =B4+49 -> 149 | D4: =IF(B4<$B$14, "Lower","Higher") -> Lower | E4: 43817 | F4: =E4/$E$50 -> 0.040203767 | G4: =G3+F4 -> 0.091143647 | H4: 125 | I4: N/A | J4: N/A
A5: >=150 and <200 | B5: =C4+1 -> 150 | C5: =B5+49 -> 199 | D5: =IF(B5<$B$14, "Lower","Higher") -> Lower | E5: 57713 | F5: =E5/$E$50 -> 0.052953876 | G5: =G4+F5 -> 0.14409752 | H5: 175 | I5: N/A | J5: N/A
A6: >=200 and <250 | B6: =C5+1 -> 200 | C6: =B6+49 -> 249 | D6: =IF(B6<$B$14, "Lower","Higher") -> Lower | E6: 66481 | F6: =E6/$E$50 -> 0.06099885 | G6: =G5+F6 -> 0.20509637 | H6: 225 | I6: N/A | J6: N/A
A7: >=250 and <300 | B7: =C6+1 -> 250 | C7: =B7+49 -> 299 | D7: =IF(B7<$B$14, "Lower","Higher") -> Lower | E7: 70882 | F7: =E7/$E$50 -> 0.065036935 | G7: =G6+F7 -> 0.27013331 | H7: 275 | I7: N/A | J7: N/A
A8: >=300 and <350 | B8: =C7+1 -> 300 | C8: =B8+49 -> 349 | D8: =IF(B8<$B$14, "Lower","Higher") -> Lower | E8: 72062 | F8: =E8/$E$50 -> 0.06611963 | G8: =G7+F8 -> 0.33625294 | H8: 325 | I8: N/A | J8: N/A
A9: >=350 and <400 | B9: =C8+1 -> 350 | C9: =B9+49 -> 399 | D9: =IF(B9<$B$14, "Lower","Higher") -> Lower | E9: 71358 | F9: =E9/$E$50 -> 0.065473684 | G9: =G8+F9 -> 0.40172662 | H9: 375 | I9: N/A | J9: N/A
A10: >=400 and <450 | B10: =C9+1 -> 400 | C10: =B10+49 -> 449 | D10: =IF(B10<$B$14, "Lower","Higher") -> Lower | E10: 68182 | F10: =E10/$E$50 -> 0.062559583 | G10: =G9+F10 -> 0.46428621 | H10: 425 | I10: N/A | J10: N/A
A11: >=450 and <500 | B11: =C10+1 -> 450 | C11: =B11+49 -> 499 | D11: =IF(B11<$B$14, "Lower","Higher") -> Lower | E11: 64349 | F11: =E11/$E$50 -> 0.059042659 | G11: =G10+F11 -> 0.52332886 | H11: 475 | I11: N/A | J11: N/A
A12: >=500 and <550 | B12: =C11+1 -> 500 | C12: =B12+49 -> 549 | D12: =IF(B12<$B$14, "Lower","Higher") -> Lower | E12: 59451 | F12: =E12/$E$50 -> 0.054548557 | G12: =G11+F12 -> 0.57787742 | H12: 525 | I12: N/A | J12: N/A
A13: >=550 and <600 | B13: =C12+1 -> 550 | C13: =B13+49 -> 599 | D13: =IF(B13<$B$14, "Lower","Higher") -> Lower | E13: 54514 | F13: =E13/$E$50 -> 0.050018672 | G13: =G12+F13 -> 0.62789609 | H13: 575 | I13: N/A | J13: N/A
A14: >=600 and <650 | B14: =C13+1 -> 600 | C14: =B14+49 -> 649 | D14: =IF(B14<$B$14, "Lower","Higher") -> Higher | E14: 49101 | F14: =E14/$E$50 -> 0.045052038 | G14: =G13+F14 -> 0.67294813 | H14: 625 | I14: =E14/SUMIF('Bill Frequency Data R1'!$D$2:$D$49,"higher",'Bill Frequency Data R1'!$E$2:$E$49) -> 0.12107381 | J14: =I14*H14 -> 75.671132
A15: >=650 and <700 | B15: =C14+1 -> 650 | C15: =B15+49 -> 699 | D15: =IF(B15<$B$14, "Lower","Higher") -> Higher | E15: 43774 | F15: =E15/$E$50 -> 0.040164313 | G15: =G14+F15 -> 0.71311245 | H15: 675 | I15: =E15/SUMIF('Bill Frequency Data R1'!$D$2:$D$49,"higher",'Bill Frequency Data R1'!$E$2:$E$49) -> 0.10793843 | J15: =I15*H15 -> 72.858443
A16: >=700 and <750 | B16: =C15+1 -> 700 | C16: =B16+49 -> 749 | D16: =IF(B16<$B$14, "Lower","Higher") -> Higher | E16: 38186 | F16: =E16/$E$50 -> 0.03503711 | G16: =G15+F16 -> 0.74814956 | H16: 725 | I16: =E16/SUMIF('Bill Frequency Data R1'!$D$2:$D$49,"higher",'Bill Frequency Data R1'!$E$2:$E$49) -> 0.094159479 | J16: =I16*H16 -> 68.265622
A17: >=750 and <800 | B17: =C16+1 -> 750 | C17: =B17+49 -> 799 | D17: =IF(B17<$B$14, "Lower","Higher") -> Higher | E17: 33570 | F17: =E17/$E$50 -> 0.030801754 | G17: =G16+F17 -> 0.77895131 | H17: 775 | I17: =E17/SUMIF('Bill Frequency Data R1'!$D$2:$D$49,"higher",'Bill Frequency Data R1'!$E$2:$E$49) -> 0.082777293 | J17: =I17*H17 -> 64.152402
A18: >=800 and <850 | B18: =C17+1 -> 800 | C18: =B18+49 -> 849 | D18: =IF(B18<$B$14, "Lower","Higher") -> Higher | E18: 29408 | F18: =E18/$E$50 -> 0.02698296 | G18: =G17+F18 -> 0.80593427 | H18: 825 | I18: =E18/SUMIF('Bill Frequency Data R1'!$D$2:$D$49,"higher",'Bill Frequency Data R1'!$E$2:$E$49) -> 0.072514585 | J18: =I18*H18 -> 59.824533
A19: >=850 and <900 | B19: =C18+1 -> 850 | C19: =B19+49 -> 899 | D19: =IF(B19<$B$14, "Lower","Higher") -> Higher | E19: 25363 | F19: =E19/$E$50 -> 0.023271519 | G19: =G18+F19 -> 0.82920579 | H19: 875 | I19: =E19/SUMIF('Bill Frequency Data R1'!$D$2:$D$49,"higher",'Bill Frequency Data R1'!$E$2:$E$49) -> 0.062540378 | J19: =I19*H19 -> 54.72283
A20: >=900 and <950 | B20: =C19+1 -> 900 | C20: =B20+49 -> 949 | D20: =IF(B20<$B$14, "Lower","Higher") -> Higher | E20: 22014 | F20: =E20/$E$50 -> 0.020198684 | G20: =G19+F20 -> 0.84940447 | H20: 925 | I20: =E20/SUMIF('Bill Frequency Data R1'!$D$2:$D$49,"higher",'Bill Frequency Data R1'!$E$2:$E$49) -> 0.054282375 | J20: =I20*H20 -> 50.211197
A21: >=950 and <1000 | B21: =C20+1 -> 950 | C21: =B21+49 -> 999 | D21: =IF(B21<$B$14, "Lower","Higher") -> Higher | E21: 19253 | F21: =E21/$E$50 -> 0.017665361 | G21: =G20+F21 -> 0.86706983 | H21: 975 | I21: =E21/SUMIF('Bill Frequency Data R1'!$D$2:$D$49,"higher",'Bill Frequency Data R1'!$E$2:$E$49) -> 0.047474269 | J21: =I21*H21 -> 46.287413
A22: >=1000 and <1050 | B22: =C21+1 -> 1000 | C22: =B22+49 -> 1049 | D22: =IF(B22<$B$14, "Lower","Higher") -> Higher | E22: 16251 | F22: =E22/$E$50 -> 0.014910912 | G22: =G21+F22 -> 0.88198074 | H22: 1025 | I22: =E22/SUMIF('Bill Frequency Data R1'!$D$2:$D$49,"higher",'Bill Frequency Data R1'!$E$2:$E$49) -> 0.040071903 | J22: =I22*H22 -> 41.073701
A23: >=1050 and <1100 | B23: =C22+1 -> 1050 | C23: =B23+49 -> 1099 | D23: =IF(B23<$B$14, "Lower","Higher") -> Higher | E23: 14288 | F23: =E23/$E$50 -> 0.013109784 | G23: =G22+F23 -> 0.89509053 | H23: 1075 | I23: =E23/SUMIF('Bill Frequency Data R1'!$D$2:$D$49,"higher",'Bill Frequency Data R1'!$E$2:$E$49) -> 0.035231515 | J23: =I23*H23 -> 37.873879
A24: >=1100 and <1150 | B24: =C23+1 -> 1100 | C24: =B24+49 -> 1149 | D24: =IF(B24<$B$14, "Lower","Higher") -> Higher | E24: 12126 | F24: =E24/$E$50 -> 0.011126067 | G24: =G23+F24 -> 0.9062166 | H24: 1125 | I24: =E24/SUMIF('Bill Frequency Data R1'!$D$2:$D$49,"higher",'Bill Frequency Data R1'!$E$2:$E$49) -> 0.029900431 | J24: =I24*H24 -> 33.637984
A25: >=1150 and <1200 | B25: =C24+1 -> 1150 | C25: =B25+49 -> 1199 | D25: =IF(B25<$B$14, "Lower","Higher") -> Higher | E25: 10492 | F25: =E25/$E$50 -> 0.0096268097 | G25: =G24+F25 -> 0.91584341 | H25: 1175 | I25: =E25/SUMIF('Bill Frequency Data R1'!$D$2:$D$49,"higher",'Bill Frequency Data R1'!$E$2:$E$49) -> 0.025871295 | J25: =I25*H25 -> 30.398771
... A41: >=1950 and <2000 | B41: =C40+1 -> 1950 | C41: =B41+49 -> 1999 | D41: =IF(B41<$B$14, "Lower","Higher") -> Higher | E41: 1198 | F41: =E41/$E$50 -> 0.0010992106 | G41: =G40+F41 -> 0.97170771 | H41: 1975 | I41: =E41/SUMIF('Bill Frequency Data R1'!$D$2:$D$49,"higher",'Bill Frequency Data R1'!$E$2:$E$49) -> 0.0029540422 | J41: =I41*H41 -> 5.8342334
A42: >=2000 and <2500 | B42: =C41+1 -> 2000 | C42: =B42+499 -> 2499 | D42: =IF(B42<$B$14, "Lower","Higher") -> Higher | E42: 6251 | F42: =E42/$E$50 -> 0.0057355307 | G42: =G41+F42 -> 0.97744324 | H42: 2250 | I42: =E42/SUMIF('Bill Frequency Data R1'!$D$2:$D$49,"higher",'Bill Frequency Data R1'!$E$2:$E$49) -> 0.015413788 | J42: =I42*H42 -> 34.681023
A43: >=2500 and <3000 | B43: =B42+500 -> 2500 | C43: =B43+499 -> 2999 | D43: =IF(B43<$B$14, "Lower","Higher") -> Higher | E43: 2289 | F43: =E43/$E$50 -> 0.0021002447 | G43: =G42+F43 -> 0.97954349 | H43: 2750 | I43: =E43/SUMIF('Bill Frequency Data R1'!$D$2:$D$49,"higher",'Bill Frequency Data R1'!$E$2:$E$49) -> 0.0056442426 | J43: =I43*H43 -> 15.521667
A44: >=3000 and <3500 | B44: =B43+500 -> 3000 | C44: =B44+499 -> 3499 | D44: =IF(B44<$B$14, "Lower","Higher") -> Higher | E44: 1010 | F44: =E44/$E$50 -> 0.00092671348 | G44: =G43+F44 -> 0.9804702 | H44: 3250 | I44: =E44/SUMIF('Bill Frequency Data R1'!$D$2:$D$49,"higher",'Bill Frequency Data R1'!$E$2:$E$49) -> 0.0024904696 | J44: =I44*H44 -> 8.0940263
A45: >=3500 and <4000 | B45: =B44+500 -> 3500 | C45: =B45+499 -> 3999 | D45: =IF(B45<$B$14, "Lower","Higher") -> Higher | E45: 520 | F45: =E45/$E$50 -> 0.00047711981 | G45: =G44+F45 -> 0.98094732 | H45: 3750 | I45: =E45/SUMIF('Bill Frequency Data R1'!$D$2:$D$49,"higher",'Bill Frequency Data R1'!$E$2:$E$49) -> 0.001282222 | J45: =I45*H45 -> 4.8083325
A46: >=4000 and <4500 | B46: =B45+500 -> 4000 | C46: =B46+499 -> 4499 | D46: =IF(B46<$B$14, "Lower","Higher") -> Higher | E46: 300 | F46: =E46/$E$50 -> 0.00027526143 | G46: =G45+F46 -> 0.98122258 | H46: 4250 | I46: =E46/SUMIF('Bill Frequency Data R1'!$D$2:$D$49,"higher",'Bill Frequency Data R1'!$E$2:$E$49) -> 0.00073974346 | J46: =I46*H46 -> 3.1439097
A47: >=4500 and <5000 | B47: =B46+500 -> 4500 | C47: =B47+499 -> 4999 | D47: =IF(B47<$B$14, "Lower","Higher") -> Higher | E47: 193 | F47: =E47/$E$50 -> 0.00017708485 | G47: =G46+F47 -> 0.98139967 | H47: 4750 | I47: =E47/SUMIF('Bill Frequency Data R1'!$D$2:$D$49,"higher",'Bill Frequency Data R1'!$E$2:$E$49) -> 0.00047590162 | J47: =I47*H47 -> 2.2605327
A48: >=5000 and <5500 | B48: =B47+500 -> 5000 | C48: =B48+499 -> 5499 | D48: =IF(B48<$B$14, "Lower","Higher") -> Higher | E48: 115 | F48: =E48/$E$50 -> 0.00010551688 | G48: =G47+F48 -> 0.98150518 | H48: 5250 | I48: =E48/SUMIF('Bill Frequency Data R1'!$D$2:$D$49,"higher",'Bill Frequency Data R1'!$E$2:$E$49) -> 0.00028356833 | J48: =I48*H48 -> 1.4887337
A49: >=5500 | B49: =C48+1 -> 5500 | C49: =B49+499 -> 5999 | D49: =IF(B49<$B$14, "Lower","Higher") -> Higher | E49: 20157 | F49: =E49/$E$50 -> 0.018494815 | G49: =G48+F49 -> 1 | H49: 5500 | I49: =E49/SUMIF('Bill Frequency Data R1'!$D$2:$D$49,"higher",'Bill Frequency Data R1'!$E$2:$E$49) -> 0.049703363 | J49: =I49*H49 -> 273.3685
E50: =SUM(E2:E49) -> 1089873
